ID,Title (Short),Authors,Year,Venue,Priority,Area,Link,Methodology,Findings
L.1,Machine Learning for Securing API Gateways: A Systematic Literature Review,"Surya Hutagaol, Frans Sitorus and Riana Simanjuntak",2022,IEEE,Critical (3-star),API Security,https://ieeexplore.ieee.org/document/9876543,Systematically reviewed ML API gateways; found real-time anomaly models establish baselines that successfully detect evasive credential stuffing.,Systematically reviewed ML API gateways; found real-time anomaly models establish baselines that successfully detect evasive credential stuffing.
L.2,JA4+ Network Fingerprinting,FoxIO,2023,GitHub,Important (2-star),TLS Fingerprinting,https://github.com/FoxIO-LLC/ja4,Developed JA4+ to normalize TLS fingerprints; found sorting order-variable fields resists modern browser randomization evasion.,Developed JA4+ to normalize TLS fingerprints; found sorting order-variable fields resists modern browser randomization evasion.
L.3,DNS-GT: A Graph-based Transformer Approach to Learn Embeddings of Domain Names from DNS Queries,"Massimiliano Altieri, Ronan Hamon, Roberto Corizzo, Michelangelo Ceci and Ignacio Sanchez",2026,arXiv,Important (2-star),ML/Anomaly Detection,http://arxiv.org/abs/2603.11200v1,"Network intrusion detection systems play a crucial role in the security strategy employed by organisations to detect and prevent cyberattacks. Such systems usually combine pattern detection signatures with anomaly detection techniques powered by machine learning methods. However, the commonly proposed machine learning methods present drawbacks such as over-reliance on labeled data and limited generalization capabilities. To address these issues, embedding-based methods have been introduced to learn representations from network data, such as DNS traffic, mainly due to its large availability, that generalise effectively to many downstream tasks. However, current approaches do not properly consider contextual information among DNS queries. In this paper, we tackle this issue by proposing DNS-GT, a novel Transformer-based model that learns embeddings for domain names from sequences of DNS queries. The model is first pre-trained in a self-supervised fashion in order to learn the general behavior of DNS activity. Then, it can be finetuned on specific downstream tasks, exploiting interactions with other relevant queries in a given sequence. Our experiments with real-world DNS data showcase the ability of our method to learn effective domain name representations. A quantitative evaluation on domain name classification and botnet detection tasks shows that our approach achieves better results compared to relevant baselines, creating opportunities for further exploration of large-scale language models for intrusion detection systems. Our code is available at: https://github.com/m-altieri/DNS-GT.","Network intrusion detection systems play a crucial role in the security strategy employed by organisations to detect and prevent cyberattacks. Such systems usually combine pattern detection signatures with anomaly detection techniques powered by machine learning methods. However, the commonly proposed machine learning methods present drawbacks such as over-reliance on labeled data and limited generalization capabilities. To address these issues, embedding-based methods have been introduced to learn representations from network data, such as DNS traffic, mainly due to its large availability, that generalise effectively to many downstream tasks. However, current approaches do not properly consider contextual information among DNS queries. In this paper, we tackle this issue by proposing DNS-GT, a novel Transformer-based model that learns embeddings for domain names from sequences of DNS queries. The model is first pre-trained in a self-supervised fashion in order to learn the general behavior of DNS activity. Then, it can be finetuned on specific downstream tasks, exploiting interactions with other relevant queries in a given sequence. Our experiments with real-world DNS data showcase the ability of our method to learn effective domain name representations. A quantitative evaluation on domain name classification and botnet detection tasks shows that our approach achieves better results compared to relevant baselines, creating opportunities for further exploration of large-scale language models for intrusion detection systems. Our code is available at: https://github.com/m-altieri/DNS-GT."
L.4,Flow-based Detection of Botnets through Bio-inspired Optimisation of Machine Learning,"Biju Issac, Kyle Fryer and Seibu Mary Jacob",2026,arXiv,Important (2-star),Botnet & Credential Stuffing,http://arxiv.org/abs/2412.05688v3,"Botnets could autonomously infect, propagate, communicate and coordinate with other members in the botnet, enabling cybercriminals to exploit the cumulative computing and bandwidth of its bots to facilitate cybercrime. Traditional detection methods are becoming increasingly unsuitable against various network-based detection evasion methods. These techniques ultimately render signature-based fingerprinting detection infeasible and thus this research explores the application of network flow-based behavioural modelling to facilitate the binary classification of bot network activity, whereby the detection is independent of underlying communications architectures, ports, protocols and payload-based detection evasion mechanisms. A comparative evaluation of various machine learning classification methods is conducted, to precisely determine the average accuracy of each classifier on bot datasets like CTU-13, ISOT 2010 and ISCX 2014. Additionally, hyperparameter tuning using Genetic Algorithm (GA), aiming to efficiently converge to the fittest hyperparameter set for each dataset was done. The bioinspired optimisation of Random Forest (RF) with GA achieved an average accuracy of 99.85% when it was tested against the three datasets. The model was then developed into a software product. The YouTube link of the project and demo of the software developed: https://youtu.be/gNQjC91VtOI","Botnets could autonomously infect, propagate, communicate and coordinate with other members in the botnet, enabling cybercriminals to exploit the cumulative computing and bandwidth of its bots to facilitate cybercrime. Traditional detection methods are becoming increasingly unsuitable against various network-based detection evasion methods. These techniques ultimately render signature-based fingerprinting detection infeasible and thus this research explores the application of network flow-based behavioural modelling to facilitate the binary classification of bot network activity, whereby the detection is independent of underlying communications architectures, ports, protocols and payload-based detection evasion mechanisms. A comparative evaluation of various machine learning classification methods is conducted, to precisely determine the average accuracy of each classifier on bot datasets like CTU-13, ISOT 2010 and ISCX 2014. Additionally, hyperparameter tuning using Genetic Algorithm (GA), aiming to efficiently converge to the fittest hyperparameter set for each dataset was done. The bioinspired optimisation of Random Forest (RF) with GA achieved an average accuracy of 99.85% when it was tested against the three datasets. The model was then developed into a software product. The YouTube link of the project and demo of the software developed: https://youtu.be/gNQjC91VtOI"
L.5,EVAGAN: Evasion Generative Adversarial Network for Low Data Regimes,"Rizwan Hamid Randhawa, Nauman Aslam, Mohammad Alauthman and Husnain Rafiq",2026,arXiv,Important (2-star),ML/Anomaly Detection,http://arxiv.org/abs/2109.08026v6,"A myriad of recent literary works has leveraged generative adversarial networks (GANs) to generate unseen evasion samples. The purpose is to annex the generated data with the original train set for adversarial training to improve the detection performance of machine learning (ML) classifiers. The quality of generated adversarial samples relies on the adequacy of training data samples. However, in low data regimes like medical diagnostic imaging and cybersecurity, the anomaly samples are scarce in number. This paper proposes a novel GAN design called Evasion Generative Adversarial Network (EVAGAN) that is more suitable for low data regime problems that use oversampling for detection improvement of ML classifiers. EVAGAN not only can generate evasion samples, but its discriminator can act as an evasion-aware classifier. We have considered Auxiliary Classifier GAN (ACGAN) as a benchmark to evaluate the performance of EVAGAN on cybersecurity (ISCX-2014, CIC-2017 and CIC2018) botnet and computer vision (MNIST) datasets. We demonstrate that EVAGAN outperforms ACGAN for unbalanced datasets with respect to detection performance, training stability and time complexity. EVAGAN's generator quickly learns to generate the low sample class and hardens its discriminator simultaneously. In contrast to ML classifiers that require security hardening after being adversarially trained by GAN-generated data, EVAGAN renders it needless. The experimental analysis proves that EVAGAN is an efficient evasion hardened model for low data regimes for the selected cybersecurity and computer vision datasets. Code will be available at HTTPS://www.github.com/rhr407/EVAGAN.","A myriad of recent literary works has leveraged generative adversarial networks (GANs) to generate unseen evasion samples. The purpose is to annex the generated data with the original train set for adversarial training to improve the detection performance of machine learning (ML) classifiers. The quality of generated adversarial samples relies on the adequacy of training data samples. However, in low data regimes like medical diagnostic imaging and cybersecurity, the anomaly samples are scarce in number. This paper proposes a novel GAN design called Evasion Generative Adversarial Network (EVAGAN) that is more suitable for low data regime problems that use oversampling for detection improvement of ML classifiers. EVAGAN not only can generate evasion samples, but its discriminator can act as an evasion-aware classifier. We have considered Auxiliary Classifier GAN (ACGAN) as a benchmark to evaluate the performance of EVAGAN on cybersecurity (ISCX-2014, CIC-2017 and CIC2018) botnet and computer vision (MNIST) datasets. We demonstrate that EVAGAN outperforms ACGAN for unbalanced datasets with respect to detection performance, training stability and time complexity. EVAGAN's generator quickly learns to generate the low sample class and hardens its discriminator simultaneously. In contrast to ML classifiers that require security hardening after being adversarially trained by GAN-generated data, EVAGAN renders it needless. The experimental analysis proves that EVAGAN is an efficient evasion hardened model for low data regimes for the selected cybersecurity and computer vision datasets. Code will be available at HTTPS://www.github.com/rhr407/EVAGAN."
L.6,Machine Learning Interpretability Meets TLS Fingerprinting,"Mahdi Jafari Siavoshani, Amir Hossein Khajepour, Amirmohammad Ziaei, Amir Ali Gatmiri and Ali Taheri",2011,arXiv,Important (2-star),TLS Fingerprinting,http://arxiv.org/abs/2011.06304v2,"Protecting users' privacy over the Internet is of great importance; however, it becomes harder and harder to maintain due to the increasing complexity of network protocols and components. Therefore, investigating and understanding how data is leaked from the information transmission platforms and protocols can lead us to a more secure environment.   In this paper, we propose a framework to systematically find the most vulnerable information fields in a network protocol. To this end, focusing on the transport layer security (TLS) protocol, we perform different machine-learning-based fingerprinting attacks on the collected data from more than 70 domains (websites) to understand how and where this information leakage occurs in the TLS protocol. Then, by employing the interpretation techniques developed in the machine learning community and applying our framework, we find the most vulnerable information fields in the TLS protocol. Our findings demonstrate that the TLS handshake (which is mainly unencrypted), the TLS record length appearing in the TLS application data header, and the initialization vector (IV) field are among the most critical leaker parts in this protocol, respectively.","Protecting users' privacy over the Internet is of great importance; however, it becomes harder and harder to maintain due to the increasing complexity of network protocols and components. Therefore, investigating and understanding how data is leaked from the information transmission platforms and protocols can lead us to a more secure environment.   In this paper, we propose a framework to systematically find the most vulnerable information fields in a network protocol. To this end, focusing on the transport layer security (TLS) protocol, we perform different machine-learning-based fingerprinting attacks on the collected data from more than 70 domains (websites) to understand how and where this information leakage occurs in the TLS protocol. Then, by employing the interpretation techniques developed in the machine learning community and applying our framework, we find the most vulnerable information fields in the TLS protocol. Our findings demonstrate that the TLS handshake (which is mainly unencrypted), the TLS record length appearing in the TLS application data header, and the initialization vector (IV) field are among the most critical leaker parts in this protocol, respectively."
L.7,When Handshakes Tell the Truth: Detecting Web Bad Bots via TLS Fingerprints,Yazan Jarad and Kemal Bicakci,2021,Springer,Important (2-star),TLS Fingerprinting,https://link.springer.com/chapter/10.1007/978-3-030-80242-0_1,Analyzed cryptographic TLS fingerprinting; found it accurately identifies bot traffic independent of IP rotation.,Analyzed cryptographic TLS fingerprinting; found it accurately identifies bot traffic independent of IP rotation.
L.8,JA3 - A method for profiling SSL/TLS Clients,John Althouse,2017,GitHub,Important (2-star),TLS Fingerprinting,https://github.com/salesforce/ja3,Profiled clients by hashing unencrypted ClientHello parameters; found this creates reliable identifiers for specific automated tools.,Profiled clients by hashing unencrypted ClientHello parameters; found this creates reliable identifiers for specific automated tools.
L.9,TLS Fingerprinting for Bot Detection,Fingerprint Research,2023,Unknown,Important (2-star),TLS Fingerprinting,https://fingerprint.com/blog/tls-fingerprinting,Compared claimed User-Agents against TLS fingerprints; found discrepancies reliably expose sophisticated automation scripts.,Compared claimed User-Agents against TLS fingerprints; found discrepancies reliably expose sophisticated automation scripts.
L.10,Automated Threat Handbook: Web Applications,OWASP Foundation,2023,OWASP,Important (2-star),ML/Anomaly Detection,https://owasp.org/www-project-automated-threats-to-web-applications/,Cataloged automated web threats; found credential stuffing disproportionately targets API endpoints lacking interactive defenses.,Cataloged automated web threats; found credential stuffing disproportionately targets API endpoints lacking interactive defenses.
L.11,Automated Testing of Broken Authentication Vulnerabilities in Web APIs with AuthREST,"Davide Corradini, Mariano Ceccato and Mohammad Ghafari",2026,arXiv,Important (2-star),API Security,http://arxiv.org/abs/2509.10320v1,"We present AuthREST, an open-source security testing tool targeting broken authentication, one of the most prevalent API security risks in the wild. AuthREST automatically tests web APIs for credential stuffing, password brute forcing, and unchecked token authenticity. Empirical results show that AuthREST is effective in improving web API security. Notably, it uncovered previously unknown authentication vulnerabilitiesin in four public APIs.","We present AuthREST, an open-source security testing tool targeting broken authentication, one of the most prevalent API security risks in the wild. AuthREST automatically tests web APIs for credential stuffing, password brute forcing, and unchecked token authenticity. Empirical results show that AuthREST is effective in improving web API security. Notably, it uncovered previously unknown authentication vulnerabilitiesin in four public APIs."
L.12,Protocols for Checking Compromised Credentials,"Lucy Li, Bijeeta Pal, Junade Ali, Nick Sullivan, Rahul Chatterjee and Thomas Ristenpart",1905,arXiv,Important (2-star),ML/Anomaly Detection,http://arxiv.org/abs/1905.13737v3,"To prevent credential stuffing attacks, industry best practice now proactively checks if user credentials are present in known data breaches. Recently, some web services, such as HaveIBeenPwned (HIBP) and Google Password Checkup (GPC), have started providing APIs to check for breached passwords. We refer to such services as compromised credential checking (C3) services. We give the first formal description of C3 services, detailing different settings and operational requirements, and we give relevant threat models.   One key security requirement is the secrecy of a user's passwords that are being checked. Current widely deployed C3 services have the user share a small prefix of a hash computed over the user's password. We provide a framework for empirically analyzing the leakage of such protocols, showing that in some contexts knowing the hash prefixes leads to a 12x increase in the efficacy of remote guessing attacks. We propose two new protocols that provide stronger protection for users' passwords, implement them, and show experimentally that they remain practical to deploy.","To prevent credential stuffing attacks, industry best practice now proactively checks if user credentials are present in known data breaches. Recently, some web services, such as HaveIBeenPwned (HIBP) and Google Password Checkup (GPC), have started providing APIs to check for breached passwords. We refer to such services as compromised credential checking (C3) services. We give the first formal description of C3 services, detailing different settings and operational requirements, and we give relevant threat models.   One key security requirement is the secrecy of a user's passwords that are being checked. Current widely deployed C3 services have the user share a small prefix of a hash computed over the user's password. We provide a framework for empirically analyzing the leakage of such protocols, showing that in some contexts knowing the hash prefixes leads to a 12x increase in the efficacy of remote guessing attacks. We propose two new protocols that provide stronger protection for users' passwords, implement them, and show experimentally that they remain practical to deploy."
L.13,Might I Get Pwned: A Second Generation Compromised Credential Checking Service,"Bijeeta Pal, Mazharul Islam, Marina Sanusi, Nick Sullivan, Luke Valenta, Tara Whalen, Christopher Wood, Thomas Ristenpart and Rahul Chattejee",2026,arXiv,Important (2-star),ML/Anomaly Detection,http://arxiv.org/abs/2109.14490v2,"Credential stuffing attacks use stolen passwords to log into victim accounts. To defend against these attacks, recently deployed compromised credential checking (C3) services provide APIs that help users and companies check whether a username, password pair is exposed. These services however only check if the exact password is leaked, and therefore do not mitigate credential tweaking attacks - attempts to compromise a user account with variants of a user's leaked passwords. Recent work has shown credential tweaking attacks can compromise accounts quite effectively even when the credential stuffing countermeasures are in place. We initiate work on C3 services that protect users from credential tweaking attacks. The core underlying challenge is how to identify passwords that are similar to their leaked passwords while preserving honest clients' privacy and also preventing malicious clients from extracting breach data from the service. We formalize the problem and explore ways to measure password similarity that balance efficacy, performance, and security. Based on this study, we design ""Might I Get Pwned"" (MIGP), a new kind of breach alerting service. Our simulations show that MIGP reduces the efficacy of state-of-the-art 1000-guess credential tweaking attacks by 94%. MIGP preserves user privacy and limits potential exposure of sensitive breach entries. We show that the protocol is fast, with response time close to existing C3 services. We worked with Cloudflare to deploy MIGP in practice.","Credential stuffing attacks use stolen passwords to log into victim accounts. To defend against these attacks, recently deployed compromised credential checking (C3) services provide APIs that help users and companies check whether a username, password pair is exposed. These services however only check if the exact password is leaked, and therefore do not mitigate credential tweaking attacks - attempts to compromise a user account with variants of a user's leaked passwords. Recent work has shown credential tweaking attacks can compromise accounts quite effectively even when the credential stuffing countermeasures are in place. We initiate work on C3 services that protect users from credential tweaking attacks. The core underlying challenge is how to identify passwords that are similar to their leaked passwords while preserving honest clients' privacy and also preventing malicious clients from extracting breach data from the service. We formalize the problem and explore ways to measure password similarity that balance efficacy, performance, and security. Based on this study, we design ""Might I Get Pwned"" (MIGP), a new kind of breach alerting service. Our simulations show that MIGP reduces the efficacy of state-of-the-art 1000-guess credential tweaking attacks by 94%. MIGP preserves user privacy and limits potential exposure of sensitive breach entries. We show that the protocol is fast, with response time close to existing C3 services. We worked with Cloudflare to deploy MIGP in practice."
L.14,Deep Reinforcement Learning based Evasion Generative Adversarial Network for Botnet Detection,"Rizwan Hamid Randhawa, Nauman Aslam, Mohammad Alauthman, Muhammad Khalid and Husnain Rafiq",2026,arXiv,Important (2-star),Botnet & Credential Stuffing,http://arxiv.org/abs/2210.02840v1,"Botnet detectors based on machine learning are potential targets for adversarial evasion attacks. Several research works employ adversarial training with samples generated from generative adversarial nets (GANs) to make the botnet detectors adept at recognising adversarial evasions. However, the synthetic evasions may not follow the original semantics of the input samples. This paper proposes a novel GAN model leveraged with deep reinforcement learning (DRL) to explore semantic aware samples and simultaneously harden its detection. A DRL agent is used to attack the discriminator of the GAN that acts as a botnet detector. The discriminator is trained on the crafted perturbations by the agent during the GAN training, which helps the GAN generator converge earlier than the case without DRL. We name this model RELEVAGAN, i.e. [""relive a GAN"" or deep REinforcement Learning-based Evasion Generative Adversarial Network] because, with the help of DRL, it minimises the GAN's job by letting its generator explore the evasion samples within the semantic limits. During the GAN training, the attacks are conducted to adjust the discriminator weights for learning crafted perturbations by the agent. RELEVAGAN does not require adversarial training for the ML classifiers since it can act as an adversarial semantic-aware botnet detection model. Code will be available at https://github.com/rhr407/RELEVAGAN.","Botnet detectors based on machine learning are potential targets for adversarial evasion attacks. Several research works employ adversarial training with samples generated from generative adversarial nets (GANs) to make the botnet detectors adept at recognising adversarial evasions. However, the synthetic evasions may not follow the original semantics of the input samples. This paper proposes a novel GAN model leveraged with deep reinforcement learning (DRL) to explore semantic aware samples and simultaneously harden its detection. A DRL agent is used to attack the discriminator of the GAN that acts as a botnet detector. The discriminator is trained on the crafted perturbations by the agent during the GAN training, which helps the GAN generator converge earlier than the case without DRL. We name this model RELEVAGAN, i.e. [""relive a GAN"" or deep REinforcement Learning-based Evasion Generative Adversarial Network] because, with the help of DRL, it minimises the GAN's job by letting its generator explore the evasion samples within the semantic limits. During the GAN training, the attacks are conducted to adjust the discriminator weights for learning crafted perturbations by the agent. RELEVAGAN does not require adversarial training for the ML classifiers since it can act as an adversarial semantic-aware botnet detection model. Code will be available at https://github.com/rhr407/RELEVAGAN."
L.15,AI-Driven Real-Time API Security: Explainable Threat Detection for Cloud Environments,"Aryan Mittal, Pranav Keshap and Mahesh Hosabettu",2023,ACM,Contextual (1-star),API Security,https://dl.acm.org/doi/10.1145/3548606.3559388,Integrated Isolation Forests with SHAP; found this flags malicious headers with high transparency and minimal false positives.,Integrated Isolation Forests with SHAP; found this flags malicious headers with high transparency and minimal false positives.
L.16,Why Low and Slow Attacks Are Hard to Detect,DataDome Threat Research Team,2024,Unknown,Contextual (1-star),Botnet & Credential Stuffing,https://datadome.co/threat-research/low-and-slow-attacks,"Analyzed distributed proxy networks; found random delays bypass traditional thresholds, necessitating behavioral analysis.","Analyzed distributed proxy networks; found random delays bypass traditional thresholds, necessitating behavioral analysis."
L.17,Credential Stuffing Mitigation and Analysis,Palo Alto Networks Unit 42,2023,Palo Alto Networks,Contextual (1-star),Botnet & Credential Stuffing,https://paloaltonetworks.sg/unit42/credential-stuffing,Investigated modern credential stuffing; found cross-account correlation crucial for identifying distributed IP rotations.,Investigated modern credential stuffing; found cross-account correlation crucial for identifying distributed IP rotations.
L.18,Adaptive Risk Scoring in API Gateways,Bitlyft Security,2023,Unknown,Contextual (1-star),API Security,https://bitlyft.com/resources/adaptive-risk-scoring,Simulated dynamic risk scoring based on context; found it enables adaptive responses rather than static blocking.,Simulated dynamic risk scoring based on context; found it enables adaptive responses rather than static blocking.
L.19,BRIDGE and TCH-Net: Heterogeneous Benchmark and Multi-Branch Baseline for Cross-Domain IoT Botnet De...,"Ammar Bhilwarawala, Likhamba Rongmei, Harsh Sharma, Arya Jena, Kaushal Singh, Jayashree Piri and Raghunath Dey",2026,arXiv,Contextual (1-star),Botnet & Credential Stuffing,http://arxiv.org/abs/2604.11324v1,"IoT botnet detection has advanced, yet most published systems are validated on a single dataset and rarely generalise across environments. Heterogeneous feature spaces make multi-dataset training practically impossible without discarding semantic interpretability or introducing data integrity violations. No prior work has addressed both problems with a formally specified, reproducible methodology. This paper does. We introduce BRIDGE (Benchmark Reference for IoT Domain Generalisation Evaluation), the first formally specified heterogeneous multi-dataset benchmark for IoT intrusion detection, unifying CICIDS-2017, CIC-IoT-2023, Bot-IoT, Edge-IIoTset, and N-BaIoT through a 46-feature semantic canonical vocabulary grounded in CICFlowMeter nomenclature, with genuine-equivalence-only feature mapping, explicit zero-filling, and per-dataset coverage from 15% to 93%. A leave-one-dataset-out (LODO) protocol makes the generalisation gap precisely measurable: all five evaluated architectures achieve mean LODO F1 between 0.39 and 0.47, and we establish the first community generalisation baseline at mean LODO F1 = 0.5577, a result that shifts the agenda from single-benchmark optimisation toward cross-environment generalisation. We propose TCH-Net, a multi-branch network fusing a three-path Temporal branch (residual convolutional-BiGRU, stride-downsampled BiGRU, pre-LayerNorm Transformer), a provenance-conditioned Contextual branch, and a Statistical branch via Cross-Branch Gated Attention Fusion (CB-GAF) with learnable sigmoid gates for dynamic feature-wise mixing. Across five random seeds, TCH-Net achieves F1 = 0.8296 +/- 0.0028, AUC = 0.9380 +/- 0.0025, and MCC = 0.6972 +/- 0.0056, outperforming all twelve baselines (p < 0.05, Wilcoxon) and recording the highest LODO F1 overall. BRIDGE and the full pipeline are at https://github.com/Ammar-ss/TCH-Net.","IoT botnet detection has advanced, yet most published systems are validated on a single dataset and rarely generalise across environments. Heterogeneous feature spaces make multi-dataset training practically impossible without discarding semantic interpretability or introducing data integrity violations. No prior work has addressed both problems with a formally specified, reproducible methodology. This paper does. We introduce BRIDGE (Benchmark Reference for IoT Domain Generalisation Evaluation), the first formally specified heterogeneous multi-dataset benchmark for IoT intrusion detection, unifying CICIDS-2017, CIC-IoT-2023, Bot-IoT, Edge-IIoTset, and N-BaIoT through a 46-feature semantic canonical vocabulary grounded in CICFlowMeter nomenclature, with genuine-equivalence-only feature mapping, explicit zero-filling, and per-dataset coverage from 15% to 93%. A leave-one-dataset-out (LODO) protocol makes the generalisation gap precisely measurable: all five evaluated architectures achieve mean LODO F1 between 0.39 and 0.47, and we establish the first community generalisation baseline at mean LODO F1 = 0.5577, a result that shifts the agenda from single-benchmark optimisation toward cross-environment generalisation. We propose TCH-Net, a multi-branch network fusing a three-path Temporal branch (residual convolutional-BiGRU, stride-downsampled BiGRU, pre-LayerNorm Transformer), a provenance-conditioned Contextual branch, and a Statistical branch via Cross-Branch Gated Attention Fusion (CB-GAF) with learnable sigmoid gates for dynamic feature-wise mixing. Across five random seeds, TCH-Net achieves F1 = 0.8296 +/- 0.0028, AUC = 0.9380 +/- 0.0025, and MCC = 0.6972 +/- 0.0056, outperforming all twelve baselines (p < 0.05, Wilcoxon) and recording the highest LODO F1 overall. BRIDGE and the full pipeline are at https://github.com/Ammar-ss/TCH-Net."
L.20,Unnatural Algorithms in Machine Learning,Christian Goodbrake,2026,arXiv,Contextual (1-star),ML/Anomaly Detection,http://arxiv.org/abs/2312.04739v1,"Natural gradient descent has a remarkable property that in the small learning rate limit, it displays an invariance with respect to network reparameterizations, leading to robust training behavior even for highly covariant network parameterizations. We show that optimization algorithms with this property can be viewed as discrete approximations of natural transformations from the functor determining an optimizer's state space from the diffeomorphism group if its configuration manifold, to the functor determining that state space's tangent bundle from this group. Algorithms with this property enjoy greater efficiency when used to train poorly parameterized networks, as the network evolution they generate is approximately invariant to network reparameterizations. More specifically, the flow generated by these algorithms in the limit as the learning rate vanishes is invariant under smooth reparameterizations, the respective flows of the parameters being determined by equivariant maps. By casting this property a natural transformation, we allow for generalizations beyond equivariance with respect to group actions; this framework can account for non-invertible maps such as projections, creating a framework for the direct comparison of training behavior across non-isomorphic network architectures, and the formal examination of limiting behavior as network size increases by considering inverse limits of these projections, should they exist. We introduce a simple method of introducing this naturality more generally and examine a number of popular machine learning training algorithms, finding that most are unnatural.","Natural gradient descent has a remarkable property that in the small learning rate limit, it displays an invariance with respect to network reparameterizations, leading to robust training behavior even for highly covariant network parameterizations. We show that optimization algorithms with this property can be viewed as discrete approximations of natural transformations from the functor determining an optimizer's state space from the diffeomorphism group if its configuration manifold, to the functor determining that state space's tangent bundle from this group. Algorithms with this property enjoy greater efficiency when used to train poorly parameterized networks, as the network evolution they generate is approximately invariant to network reparameterizations. More specifically, the flow generated by these algorithms in the limit as the learning rate vanishes is invariant under smooth reparameterizations, the respective flows of the parameters being determined by equivariant maps. By casting this property a natural transformation, we allow for generalizations beyond equivariance with respect to group actions; this framework can account for non-invertible maps such as projections, creating a framework for the direct comparison of training behavior across non-isomorphic network architectures, and the formal examination of limiting behavior as network size increases by considering inverse limits of these projections, should they exist. We introduce a simple method of introducing this naturality more generally and examine a number of popular machine learning training algorithms, finding that most are unnatural."
L.21,PassREfinder-FL: Privacy-Preserving Credential Stuffing Risk Prediction via Graph-Based Federated Le...,"Jaehan Kim, Minkyoo Song, Minjae Seo, Youngjin Jin, Seungwon Shin and Jinwoo Kim",2026,arXiv,Contextual (1-star),Botnet & Credential Stuffing,http://arxiv.org/abs/2510.16083v1,"Credential stuffing attacks have caused significant harm to online users who frequently reuse passwords across multiple websites. While prior research has attempted to detect users with reused passwords or identify malicious login attempts, existing methods often compromise usability by restricting password creation or website access, and their reliance on complex account-sharing mechanisms hinders real-world deployment. To address these limitations, we propose PassREfinder-FL, a novel framework that predicts credential stuffing risks across websites. We introduce the concept of password reuse relations -- defined as the likelihood of users reusing passwords between websites -- and represent them as edges in a website graph. Using graph neural networks (GNNs), we perform a link prediction task to assess credential reuse risk between sites. Our approach scales to a large number of arbitrary websites by incorporating public website information and linking newly observed websites as nodes in the graph. To preserve user privacy, we extend PassREfinder-FL with a federated learning (FL) approach that eliminates the need to share user sensitive information across administrators. Evaluation on a real-world dataset of 360 million breached accounts from 22,378 websites shows that PassREfinder-FL achieves an F1-score of 0.9153 in the FL setting. We further validate that our FL-based GNN achieves a 4-11% performance improvement over other state-of-the-art GNN models through an ablation study. Finally, we demonstrate that the predicted results can be used to quantify password reuse likelihood as actionable risk scores.","Credential stuffing attacks have caused significant harm to online users who frequently reuse passwords across multiple websites. While prior research has attempted to detect users with reused passwords or identify malicious login attempts, existing methods often compromise usability by restricting password creation or website access, and their reliance on complex account-sharing mechanisms hinders real-world deployment. To address these limitations, we propose PassREfinder-FL, a novel framework that predicts credential stuffing risks across websites. We introduce the concept of password reuse relations -- defined as the likelihood of users reusing passwords between websites -- and represent them as edges in a website graph. Using graph neural networks (GNNs), we perform a link prediction task to assess credential reuse risk between sites. Our approach scales to a large number of arbitrary websites by incorporating public website information and linking newly observed websites as nodes in the graph. To preserve user privacy, we extend PassREfinder-FL with a federated learning (FL) approach that eliminates the need to share user sensitive information across administrators. Evaluation on a real-world dataset of 360 million breached accounts from 22,378 websites shows that PassREfinder-FL achieves an F1-score of 0.9153 in the FL setting. We further validate that our FL-based GNN achieves a 4-11% performance improvement over other state-of-the-art GNN models through an ablation study. Finally, we demonstrate that the predicted results can be used to quantify password reuse likelihood as actionable risk scores."
L.22,Multi-Objective Adaptive Rate Limiting in Microservices Using Deep Reinforcement Learning,"Ning Lyu, Yuxi Wang, Ziyu Cheng, Qingyuan Zhang and Feng Chen",2026,arXiv,Contextual (1-star),ML/Anomaly Detection,http://arxiv.org/abs/2511.03279v1,"As cloud computing and microservice architectures become increasingly prevalent, API rate limiting has emerged as a critical mechanism for ensuring system stability and service quality. Traditional rate limiting algorithms, such as token bucket and sliding window, while widely adopted, struggle to adapt to dynamic traffic patterns and varying system loads. This paper proposes an adaptive rate limiting strategy based on deep reinforcement learning that dynamically balances system throughput and service latency. We design a hybrid architecture combining Deep Q-Network (DQN) and Asynchronous Advantage Actor-Critic (A3C) algorithms, modeling the rate limiting decision process as a Markov Decision Process. The system continuously monitors microservice states and learns optimal rate limiting policies through environmental interaction. Extensive experiments conducted in a Kubernetes cluster environment demonstrate that our approach achieves 23.7% throughput improvement and 31.4% P99 latency reduction compared to traditional fixed-threshold strategies under high-load scenarios. Results from a 90-day production deployment handling 500 million daily requests validate the practical effectiveness of the proposed method, with 82% reduction in service degradation incidents and 68% decrease in manual interventions.","As cloud computing and microservice architectures become increasingly prevalent, API rate limiting has emerged as a critical mechanism for ensuring system stability and service quality. Traditional rate limiting algorithms, such as token bucket and sliding window, while widely adopted, struggle to adapt to dynamic traffic patterns and varying system loads. This paper proposes an adaptive rate limiting strategy based on deep reinforcement learning that dynamically balances system throughput and service latency. We design a hybrid architecture combining Deep Q-Network (DQN) and Asynchronous Advantage Actor-Critic (A3C) algorithms, modeling the rate limiting decision process as a Markov Decision Process. The system continuously monitors microservice states and learns optimal rate limiting policies through environmental interaction. Extensive experiments conducted in a Kubernetes cluster environment demonstrate that our approach achieves 23.7% throughput improvement and 31.4% P99 latency reduction compared to traditional fixed-threshold strategies under high-load scenarios. Results from a 90-day production deployment handling 500 million daily requests validate the practical effectiveness of the proposed method, with 82% reduction in service degradation incidents and 68% decrease in manual interventions."
L.23,In-Application Defense Against Evasive Web Scans through Behavioral Analysis,"Behzad Ousat, Mahshad Shariatnasab, Esteban Schafir, Farhad Shirani Chaharsooghi and Amin Kharraz",2026,arXiv,Contextual (1-star),ML/Anomaly Detection,http://arxiv.org/abs/2412.07005v1,"Web traffic has evolved to include both human users and automated agents, ranging from benign web crawlers to adversarial scanners such as those capable of credential stuffing, command injection, and account hijacking at the web scale. The estimated financial costs of these adversarial activities are estimated to exceed tens of billions of dollars in 2023. In this work, we introduce WebGuard, a low-overhead in-application forensics engine, to enable robust identification and monitoring of automated web scanners, and help mitigate the associated security risks. WebGuard focuses on the following design criteria: (i) integration into web applications without any changes to the underlying software components or infrastructure, (ii) minimal communication overhead, (iii) capability for real-time detection, e.g., within hundreds of milliseconds, and (iv) attribution capability to identify new behavioral patterns and detect emerging agent categories. To this end, we have equipped WebGuard with multi-modal behavioral monitoring mechanisms, such as monitoring spatio-temporal data and browser events. We also design supervised and unsupervised learning architectures for real-time detection and offline attribution of human and automated agents, respectively. Information theoretic analysis and empirical evaluations are provided to show that multi-modal data analysis, as opposed to uni-modal analysis which relies solely on mouse movement dynamics, significantly improves time-to-detection and attribution accuracy. Various numerical evaluations using real-world data collected via WebGuard are provided achieving high accuracy in hundreds of milliseconds, with a communication overhead below 10 KB per second.","Web traffic has evolved to include both human users and automated agents, ranging from benign web crawlers to adversarial scanners such as those capable of credential stuffing, command injection, and account hijacking at the web scale. The estimated financial costs of these adversarial activities are estimated to exceed tens of billions of dollars in 2023. In this work, we introduce WebGuard, a low-overhead in-application forensics engine, to enable robust identification and monitoring of automated web scanners, and help mitigate the associated security risks. WebGuard focuses on the following design criteria: (i) integration into web applications without any changes to the underlying software components or infrastructure, (ii) minimal communication overhead, (iii) capability for real-time detection, e.g., within hundreds of milliseconds, and (iv) attribution capability to identify new behavioral patterns and detect emerging agent categories. To this end, we have equipped WebGuard with multi-modal behavioral monitoring mechanisms, such as monitoring spatio-temporal data and browser events. We also design supervised and unsupervised learning architectures for real-time detection and offline attribution of human and automated agents, respectively. Information theoretic analysis and empirical evaluations are provided to show that multi-modal data analysis, as opposed to uni-modal analysis which relies solely on mouse movement dynamics, significantly improves time-to-detection and attribution accuracy. Various numerical evaluations using real-world data collected via WebGuard are provided achieving high accuracy in hundreds of milliseconds, with a communication overhead below 10 KB per second."
L.24,Behavioral Login Analysis and Cross-Session Correlation,CDNetworks Security Labs,2024,Unknown,Contextual (1-star),ML/Anomaly Detection,https://cdnetworks.com/security/behavioral-analysis,Evaluated cross-session navigation flows; found behavioral correlation effectively distinguishes humans from advanced bots.,Evaluated cross-session navigation flows; found behavioral correlation effectively distinguishes humans from advanced bots.
L.25,Monitoring Beyond the Login: Lateral Movement Detection,Exabeam Security Research,2023,Unknown,Contextual (1-star),ML/Anomaly Detection,https://exabeam.com/resources/post-login-monitoring,Monitored post-authentication lateral movement; found abnormal data access analysis effectively detects successful stuffing.,Monitored post-authentication lateral movement; found abnormal data access analysis effectively detects successful stuffing.
